<?xml version="1.0" encoding="UTF-8"?>
<project-private xmlns="http://www.netbeans.org/ns/project-private/1">
    <editor-bookmarks xmlns="http://www.netbeans.org/ns/editor-bookmarks/2" lastBookmarkId="0"/>
    <open-files xmlns="http://www.netbeans.org/ns/projectui-open-files/2">
        <group>
            <file>file:/C:/Users/Diana.DESKTOP-9PHULVV/Desktop/Renta%20de%20Vehiculos%20Proyecto/Renta%20de%20Vehiculos/src/Mantenimientos/MantenimientoEstadoVehiculo.java</file>
            <file>file:/C:/Users/Diana.DESKTOP-9PHULVV/Desktop/Renta%20de%20Vehiculos%20Proyecto/Renta%20de%20Vehiculos/src/vista/login.java</file>
            <file>file:/C:/Users/Diana.DESKTOP-9PHULVV/Desktop/Renta%20de%20Vehiculos%20Proyecto/Renta%20de%20Vehiculos/src/vista/registro.java</file>
            <file>file:/C:/Users/Diana.DESKTOP-9PHULVV/Desktop/Renta%20de%20Vehiculos%20Proyecto/Renta%20de%20Vehiculos/src/vista/menu.java</file>
            <file>file:/C:/Users/Diana.DESKTOP-9PHULVV/Desktop/Renta%20de%20Vehiculos%20Proyecto/Renta%20de%20Vehiculos/src/Mantenimientos/MatenimientoClientes.java</file>
        </group>
    </open-files>
</project-private>
